{"_type":"export","__export_format":4,"__export_date":"2022-05-11T11:44:34.343Z","__export_source":"insomnia.desktop.app:v2022.3.0","resources":[{"_id":"req_d3db0e66cca64692abf6be5f87cdebd7","parentId":"wrk_7cf4ccb16bf7438bb93fb00735479c4f","modified":1652260504825,"created":1652255955240,"url":"http://localhost:3000/name/V0.0/user/","name":"/user/","description":"","method":"GET","body":{"mimeType":"application/json","text":"{\n\t\"id\": 3\n}"},"parameters":[],"headers":[{"name":"Content-Type","value":"application/json","id":"pair_de774f11b9bb499cb451e36818c07b85"}],"authentication":{},"metaSortKey":-1652255955240,"isPrivate":false,"settingStoreCookies":true,"settingSendCookies":true,"settingDisableRenderRequestBody":false,"settingEncodeUrl":true,"settingRebuildPath":true,"settingFollowRedirects":"global","_type":"request"},{"_id":"wrk_7cf4ccb16bf7438bb93fb00735479c4f","parentId":null,"modified":1652175425258,"created":1652175425258,"name":"proyectoFinal","description":"","scope":"collection","_type":"workspace"},{"_id":"req_b8b599486a06491bb08d10eec23bed31","parentId":"wrk_7cf4ccb16bf7438bb93fb00735479c4f","modified":1652255507209,"created":1652255357906,"url":"http://localhost:3000/name/V0.0/users/","name":"/users/","description":"","method":"GET","body":{"mimeType":"application/json","text":""},"parameters":[],"headers":[{"name":"Content-Type","value":"application/json","id":"pair_dee31723826b423cb0c5966ff024431b"}],"authentication":{},"metaSortKey":-1652255357906,"isPrivate":false,"settingStoreCookies":true,"settingSendCookies":true,"settingDisableRenderRequestBody":false,"settingEncodeUrl":true,"settingRebuildPath":true,"settingFollowRedirects":"global","_type":"request"},{"_id":"req_0850651d3643469ebd6695090f0d8a9a","parentId":"wrk_7cf4ccb16bf7438bb93fb00735479c4f","modified":1652260495858,"created":1652179399409,"url":"http://localhost:3000/name/V0.0/publication/","name":"/publication/","description":"","method":"POST","body":{"mimeType":"application/json","text":"{\n\t\"idfromuser\": 4321,\n\t\"content\": \"Soy id 4321 este es mi posrt\"\n}"},"parameters":[],"headers":[{"name":"Content-Type","value":"application/json","id":"pair_5b0a9952dd594f16b5bc98d8928f4185"}],"authentication":{},"metaSortKey":-1652179399409,"isPrivate":false,"settingStoreCookies":true,"settingSendCookies":true,"settingDisableRenderRequestBody":false,"settingEncodeUrl":true,"settingRebuildPath":true,"settingFollowRedirects":"global","_type":"request"},{"_id":"req_f73f35be62d541f0a5bd6c4ec686c427","parentId":"wrk_7cf4ccb16bf7438bb93fb00735479c4f","modified":1652260510556,"created":1652175445826,"url":"http://localhost:3000/name/V0.0/users/","name":"/users/","description":"","method":"POST","body":{"mimeType":"application/json","text":"{\n\t\"name\": \"Club de natacion\",\n\t\"password\": \"1\",\n\t\"isgroup\": \"true\"\n}"},"parameters":[],"headers":[{"name":"Content-Type","value":"application/json","id":"pair_625083e99bf14d4d88adde8e66ea80b1"}],"authentication":{},"metaSortKey":-1652175445826,"isPrivate":false,"settingStoreCookies":true,"settingSendCookies":true,"settingDisableRenderRequestBody":false,"settingEncodeUrl":true,"settingRebuildPath":true,"settingFollowRedirects":"global","_type":"request"},{"_id":"env_4be653a169f16d58c668a6cde56af898c181eb3a","parentId":"wrk_7cf4ccb16bf7438bb93fb00735479c4f","modified":1652175425272,"created":1652175425272,"name":"Base Environment","data":{},"dataPropertyOrder":null,"color":null,"isPrivate":false,"metaSortKey":1652175425272,"_type":"environment"},{"_id":"jar_4be653a169f16d58c668a6cde56af898c181eb3a","parentId":"wrk_7cf4ccb16bf7438bb93fb00735479c4f","modified":1652175425276,"created":1652175425276,"name":"Default Jar","cookies":[],"_type":"cookie_jar"},{"_id":"spc_0a9f41f21e0046ec94960e2ba87a9255","parentId":"wrk_7cf4ccb16bf7438bb93fb00735479c4f","modified":1652175425261,"created":1652175425261,"fileName":"proyectoFinal","contents":"","contentType":"yaml","_type":"api_spec"}]}